Tool	QuerySet	Time_min	Memory_GB	NumThreads
Kraken-II	ToL	21.0831666666667	44.52	24
CLARK	ToL	113.799516666667	130.60	24
CONSULT-II	ToL	23.683	140.78616	24
CONSULT-II (search)	ToL	7.90816666667	140.78616	24
CONSULT-II (classifiy)	ToL	15.7748333333	0.162852	24